{
/* TextureBackground   */     "SI_Colors0" : [0.25, 0.25, 0.25],
/* CameraBackground    */     "SI_Colors4" : [0.25, 0.25, 0.25],
/* GridBackground      */     "SI_Colors1" : [0.225803, 0.225803, 0.225803],
/* GridMajor           */     "SI_Colors3" : [0.301960, 0.301960, 0.301960],
/* GridMinor           */     "SI_Colors2" : [0.254902, 0.254902, 0.254902],
/* GridText            */     "SI_Colors7" : [0.972549, 0.972549, 0.972549],
/* GridBlock           */     "SI_Colors6" : [1.0, 1.0, 1.0],
/* Brush               */     "SI_Colors8" : [0.0, 0.0, 0.0],
/* SelectedBrush       */     "SI_Colors11": [1.0, 0.627451, 0.0],
/* CameraSelectedBrush */     "SI_Colors12": [1.0, 0.627451, 0.0],
/* Clipper             */     "SI_Colors10": [0.0, 0.0, 1.0],
/* OrthoViewName       */     "SI_Colors9" : [0.516136, 0.516136, 0.516136],
}