{
    "ColorTexBroBackground": [0.25, 0.25, 0.25],
    "ColorModBroBackground": [0.25, 0.25, 0.25],
    "ColorCameraBackground": [0.25, 0.25, 0.25],
    "ColorGridBackground"  : [0.225803, 0.225803, 0.225803],
    "ColorGridMajor"       : [0.301960, 0.301960, 0.301960],
    "ColorGridMinor"       : [0.254902, 0.254902, 0.254902],
    "ColorGridText"        : [0.972549, 0.972549, 0.972549],
    "ColorGridBlocks"      : [1.0, 1.0, 1.0],
    "ColorGridWorldspawn"  : [0.0, 0.0, 0.0],
    "ColorGridSelection"   : [1.0, 0.627451, 0.0],
    "ColorCameraSelection" : [1.0, 0.627451, 0.0],
    "ColorClipperSplit"    : [0.0, 0.0, 1.0],
    "ColorGridActive"      : [0.516136, 0.516136, 0.516136],
    "ColorCameraIcon"      : [0.0, 0.0, 1.0],
    "ColorAxisX"           : [1.0, 0.0, 0.0],
    "ColorAxisY"           : [0.0, 1.0, 0.0],
    "ColorAxisZ"           : [0.0, 0.0, 1.0],
}
